date,naphtha_price,ethylene_price,margin_per_ton
2023-01-02,650.0,1050.0,33.33333333333337
2023-01-03,650.3500155548386,1062.2370368231711,45.10368275005305
2023-01-04,662.8895032718905,1069.8911781853028,36.03850715611554
2023-01-05,659.6253956287584,1061.9794851272163,32.478957622205144
2023-01-06,665.429195373965,1067.081549250223,29.84262208493635
2023-01-09,673.0725208135627,1058.0158651163747,10.585837364957683
2023-01-10,689.4031018172652,1072.7473937628324,3.5432580064788226
2023-01-11,696.3209394372955,1078.197545069312,-0.23037418041542423
2023-01-12,691.6122956826536,1078.2165831409775,6.066855564106049
2023-01-13,700.0974052576177,1084.5171975504522,1.053990540295331
2023-01-16,697.8164639026176,1088.8061538685527,8.384201998395952
2023-01-17,687.6825453627388,1065.7263051282325,-1.18375535541918
2023-01-18,691.5115901431312,1063.5924932154658,-8.422960308709207
2023-01-19,670.1043503232505,1036.943037612689,-6.529429484978323
2023-01-20,664.9303849075975,1022.1802692294011,-14.393577314062213
2023-01-23,649.1240540363468,1008.3530913665124,-7.145647348616649
2023-01-24,658.3068304856235,1015.3562875260717,-12.386153121426332
2023-01-25,650.4988133311012,1011.8233039291878,-5.508447178947222
2023-01-26,657.840520833889,1016.5297641000683,-10.59093034511693
2023-01-27,663.389947637539,1030.9277926647205,-3.5921375186647992
2023-01-30,661.0683848271334,1022.1120007278058,-9.31251237503875
2023-01-31,664.5559560487465,1027.8547900610542,-8.219818003940986
2023-02-01,675.882595390443,1027.7434792843678,-23.433314569556273
2023-02-02,668.5321617345662,1014.3606756512623,-27.015539994825986
2023-02-03,650.0551528566474,999.1627939580529,-17.577409850810227
2023-02-06,655.4578424908526,998.498807696823,-25.444982290980533
2023-02-07,669.6961972857076,1018.9222983200739,-24.005964727536252
2023-02-08,676.0784851635258,1028.6818361971793,-22.756144020855004
2023-02-09,685.9432657746498,1026.7643624775915,-37.826658555275
2023-02-10,692.1474007789934,1038.108808650243,-34.754392388414885
2023-02-13,672.376988535464,1023.8889858052294,-22.61366557538929
2023-02-14,669.4588986349124,1028.3935074730637,-14.218357373486242
2023-02-15,664.5982182928553,1024.1849892258922,-11.945968497914919
2023-02-16,668.0128641767689,1020.2802996625569,-20.40351923980154
2023-02-17,674.0957900107016,1025.453621913907,-23.34076476702853
2023-02-20,679.0371362365222,1026.0097753030495,-29.373073012313398
2023-02-21,690.3071103918696,1041.9528945931606,-28.456585929332164
2023-02-22,687.8918976942882,1045.7672229458917,-21.421973979825907
2023-02-23,701.0880829452449,1073.8671807511828,-10.916929842477089
2023-02-24,683.1058782176187,1065.5662326577187,4.758395034227078
2023-02-27,687.7149240975704,1069.2609625564883,2.3077304263944143
2023-02-28,676.3632603446121,1070.1011647847104,18.28348432522762
2023-03-01,662.6097320163117,1062.1994194121198,28.719776723704285
2023-03-02,676.0447680790382,1060.9853040549126,9.592279949528233
2023-03-03,672.5138933067361,1046.2679715895752,-0.41721948607300874
2023-03-06,674.8306718168606,1061.9214735249957,12.147244435848279
2023-03-07,696.0405805331735,1066.3728514557572,-11.68125592180752
2023-03-08,689.1901123029643,1066.669088882701,-2.25106085458458
2023-03-09,705.8656383112201,1086.1664402606823,-4.987744154277834
2023-03-10,696.9060926999131,1080.8391106131253,1.6309870132412243
2023-03-13,696.1652871261,1078.5283444841941,0.30796164939408754
2023-03-14,687.5632730566984,1074.2408196523224,7.489788910057882
2023-03-15,690.4498437734653,1076.2931103806677,5.693318682713993
2023-03-16,687.5577602416678,1062.2531394884807,-4.490540833743012
2023-03-17,681.8463256896405,1067.9312904554463,8.802856202592352
2023-03-20,679.4209748065882,1053.0179951041086,-2.8766379713423476
2023-03-21,693.3490958181183,1070.919032230299,-3.546428860525225
2023-03-22,715.8517052047703,1092.6016063658287,-11.867333907198258
2023-03-23,709.8662889799461,1074.2347596788125,-22.253625627782412
2023-03-24,723.953238600127,1110.4341969228692,-4.836787877300026
2023-03-27,713.7132061898998,1095.2329934870465,-6.384614766153163
2023-03-28,719.6558339136753,1093.375684540625,-16.1654273442756
2023-03-29,715.760220732837,1086.9625820035635,-17.38437897355243
2023-03-30,717.141153010066,1098.484356026848,-7.703847986573351
2023-03-31,716.5910829765294,1106.644151799217,1.189374497177937
2023-04-03,711.059781331784,1104.7144792560773,6.6347708136985375
2023-04-04,686.3887318502983,1068.503502805737,3.3185270053393197
2023-04-05,694.5590434379923,1071.1009978854743,-4.977726698515426
2023-04-06,700.371848579537,1081.601833272172,-2.2272981672107335
2023-04-07,714.3566813275727,1102.119815291097,-0.35575981233330367
2023-04-10,725.0317443478559,1111.168129285868,-5.540863177939968
2023-04-11,716.1653657524206,1096.4555811593941,-8.431573177166683
2023-04-12,709.8732575882007,1080.6149224166975,-15.8827543675701
2023-04-13,703.0403609223525,1073.8877421477816,-13.499405748688446
2023-04-14,705.1947366384217,1073.17118336357,-17.088465487658937
2023-04-17,683.173670801675,1052.787743277608,-8.110484457958819
2023-04-18,685.2032356172131,1064.5161616190117,0.9118474627275646
2023-04-19,691.0198421749479,1064.4757240210665,-6.884065545530689
2023-04-20,682.6549836407644,1074.8873863525278,14.68074149817528
2023-04-21,690.400701285927,1098.7303856300766,28.196117248840665
2023-04-24,713.0727417403323,1112.864453494708,12.100797840931591
2023-04-25,716.6483884376679,1120.5411100742658,15.00992549070861
2023-04-26,722.1708234550229,1130.826735554573,17.9323042812091
2023-04-27,723.609638909692,1133.8248158109507,19.01196393136138
2023-04-28,705.6111739145208,1115.3331810240209,24.518282471326415
2023-05-01,696.6413381918235,1107.9778504734056,29.122732884307652
2023-05-02,690.9566014910748,1108.2186355831416,36.94316692837515
2023-05-03,699.3818309947162,1119.0689918973462,36.55988390439131
2023-05-04,702.2763002558187,1122.5937926546897,36.225392313598036
2023-05-05,696.7014027682009,1115.5846927780171,36.64948908708266
2023-05-08,690.7071972634006,1113.3162423791248,42.373312694590595
2023-05-09,690.376108045353,1118.2295837995525,47.72810640574846
2023-05-10,675.4498418722767,1111.7866765777387,61.186887414703165
2023-05-11,667.0338120775547,1096.3582441084718,56.97982800506554
2023-05-12,664.7569304934508,1088.7056471023775,52.36307311110977
2023-05-15,667.6290242611656,1086.107418186358,45.93538583813722
2023-05-16,656.1744873808237,1067.1181559236618,42.21883941589681
2023-05-17,669.6587244888061,1080.5710529425555,37.69275362414737
2023-05-18,657.1117616631445,1068.4222110954152,42.27319554455573
2023-05-19,640.9253279675346,1068.4646135487378,63.89750959202502
2023-05-22,625.6458486639085,1057.1529906080225,72.95852572281115
2023-05-23,631.2921205211792,1049.7383901361948,58.01556277462248
2023-05-24,634.5001574157116,1061.4425383498533,65.44232846223792
2023-05-25,639.356896514074,1068.327437388194,65.8515753694287
2023-05-26,649.0399831320392,1079.158996489386,63.77235231333373
2023-05-29,652.4901557245036,1081.1607651509537,61.173890851615624
2023-05-30,658.9527912785816,1078.8246001665225,50.22087846174702
2023-05-31,667.0627582099381,1082.067060086916,42.65004914033182
2023-06-01,655.4020427038763,1073.891002036641,50.02161176480604
2023-06-02,672.8117629851694,1099.439089850124,52.35673920323154
2023-06-05,667.0764774473787,1099.9872969342853,60.55199367111368
2023-06-06,662.1015071071076,1093.633553803935,60.83154432779145
2023-06-07,662.8909657661928,1073.0076267299426,39.15300570835211
2023-06-08,664.7378740958682,1065.5156650479576,29.19849958680004
2023-06-09,657.2616099286075,1045.2486566908908,18.899843452747405
2023-06-12,641.4774236472938,1022.1010303915907,16.797798861865658
2023-06-13,649.9193308331692,1044.5419022322849,27.98279445472599
2023-06-14,649.6623102062607,1053.8507873144417,37.63437370609415
2023-06-15,646.9654863290672,1034.3927607148441,21.77211227608791
2023-06-16,648.5290742202591,1039.85435450874,25.148922215061248
2023-06-19,644.168964533579,1038.3624579215084,29.470505210069746
2023-06-20,650.0467973583108,1036.6245209454817,19.895457801067323
2023-06-21,634.9274837564421,1020.3800444261584,23.810066084235586
2023-06-22,632.9964886750776,1015.6401597009816,21.644841467544893
2023-06-23,643.0405350754705,1040.0603475840794,32.672967483452
2023-06-26,638.9040279376209,1042.1216651884777,40.24962793831651
2023-06-27,648.5035766237515,1057.658586727313,42.987151228977496
2023-06-28,659.2193386357236,1064.620390881418,35.661272700453196
2023-06-29,666.7900535540246,1089.8784629406882,50.82505820198878
2023-06-30,675.0294288829388,1092.1292263903679,42.089987879782825
2023-07-03,681.1918773695983,1109.4716787706348,51.215842277837055
2023-07-04,684.7789431873571,1107.5409818255173,44.502390909041196
2023-07-05,701.0058821529565,1111.5841717556655,26.909662218390167
2023-07-06,705.9563835927192,1116.111096557081,24.83591843345539
2023-07-07,692.019337542445,1114.2085361606094,41.51608610401604
2023-07-10,695.3104837995533,1106.40040100237,29.319755936298975
2023-07-11,701.3600654887612,1108.1522855909418,23.005531605926876
2023-07-12,679.7316087167012,1081.2894102807732,24.980598658504846
2023-07-13,682.1989177361035,1089.3999204433962,29.801363461925007
2023-07-14,683.5943642263536,1091.1233734450343,29.664221143229497
2023-07-17,688.2541554191653,1093.6427281240685,25.970520898514792
2023-07-18,700.5557410823358,1106.727031260454,22.65270981733954
2023-07-19,703.1966400058359,1114.2256139601484,26.630093952367247
2023-07-20,690.8559352887544,1095.8727908918609,24.73154384018835
2023-07-21,707.0004321452842,1114.3083085150718,21.641065654692852
2023-07-24,703.1751487357017,1113.8655840966203,26.298719115684776
2023-07-25,697.2086421815966,1110.74861512283,31.13709221403451
2023-07-26,689.3353676610128,1105.7121381124114,36.598314564394286
2023-07-27,671.7395322281308,1100.9390572096113,55.28634757210364
2023-07-28,666.054196560076,1080.5903769435172,42.51811486341592
2023-07-31,663.5151173444135,1074.6605476704046,39.973724544519996
2023-08-01,664.9466922152128,1065.7071454310108,29.111555810727054
2023-08-02,668.9309857864934,1101.7343100757116,59.826329027053816
2023-08-03,655.235270832957,1091.01022372717,67.3631959498939
2023-08-04,651.9666428109997,1089.1512983169605,69.86244123562756
2023-08-07,633.3404638453987,1059.6697759671392,65.2158241732742
2023-08-08,638.12351619888,1063.8371347240075,63.00577979216746
2023-08-09,654.6982302681588,1073.889545583838,50.95857189295964
2023-08-10,656.4414812131462,1101.493001202591,76.23769291839596
2023-08-11,648.4504368661825,1084.7177090067437,70.11712651850041
2023-08-14,648.1101308949249,1083.6104012497626,69.46356005652945
2023-08-15,656.7488549705797,1093.0906064420894,67.42546648131645
2023-08-16,648.84169123547,1086.7728177668625,71.65056278623592
2023-08-17,675.8174436961496,1125.0216002396608,73.93167531146139
2023-08-18,645.899121345711,1093.3701808571948,82.17135239624679
2023-08-21,637.0465598824132,1089.5687249255577,90.17331174900676
2023-08-22,635.4624946503437,1104.9407250666059,107.65739886614756
2023-08-23,644.954987276483,1122.31712404219,112.37714100687924
2023-08-24,646.9100653148263,1123.2013701390606,110.65461638595889
2023-08-25,650.4125611551501,1138.2094161568257,120.9926679499589
2023-08-28,655.8814228496626,1139.7512011451747,115.24263734562453
2023-08-29,668.9819612927455,1154.4176607894226,112.44171239909531
2023-08-30,667.9382739555018,1144.9219673305336,104.33760205653118
2023-08-31,661.7710282047107,1131.7885633842573,99.42719244464308
2023-09-01,632.5291905159811,1110.7050512202732,117.33279719896507
2023-09-04,638.3800851100369,1114.0648385896438,112.89139177626123
2023-09-05,649.0342581977808,1128.5064884472617,113.12747751688732
2023-09-06,652.8436685004823,1108.4165982561683,87.95837358885854
2023-09-07,650.4141037478537,1110.3122912408803,93.09348624374206
2023-09-08,666.8972916647964,1143.6294449643724,104.4330560779772
2023-09-11,681.6712065546329,1147.0381685814948,88.14322650865086
2023-09-12,657.7014796343798,1127.7089647783257,100.77365859915267
2023-09-13,657.895835334924,1136.2779787724994,109.08353165926746
2023-09-14,656.497563814023,1136.151305030024,110.82121994466013
2023-09-15,640.9120282227027,1123.4350391922505,118.88566822864698
2023-09-18,636.5296733301947,1121.2602622236393,122.55403111671308
2023-09-19,641.2953038521663,1124.3253775471246,119.26497241090294
2023-09-20,644.598448828637,1126.8261891044458,117.36159066626317
2023-09-21,652.3697450133142,1138.8590820685056,119.03275538408673
2023-09-22,646.7195106091058,1126.509356728126,114.21667591598498
2023-09-25,664.51832546895,1143.3578495865195,107.33341562791941
2023-09-26,674.7249349675304,1156.8950622013244,107.26181557795053
2023-09-27,668.4363769086654,1142.4472251029595,101.19872255807229
2023-09-28,669.4814453645322,1145.2703112451545,102.62838409244489
2023-09-29,675.7269700409544,1138.8821723887443,87.9128790008051
2023-10-02,669.0922557956211,1130.700420029434,88.57741230193926
2023-10-03,685.7324043807994,1124.7636206351485,60.45374812741602
2023-10-04,690.0491039877012,1123.6269380837095,53.561466100107964
2023-10-05,694.2602151949548,1122.8698917394524,47.18960481284614
2023-10-06,697.7191526919308,1140.655615728481,60.36341213923993
2023-10-09,701.042994244306,1147.693516323499,62.96952399775762
2023-10-10,704.5518358343977,1143.5917777090012,54.18932992980433
2023-10-11,709.927544415836,1146.5455704279295,49.97551120681487
2023-10-12,700.1389127794162,1136.4254955588656,52.906945186310736
2023-10-13,697.0359038257311,1140.2630417983532,60.88183669737839
2023-10-16,696.005694264749,1133.8751449499869,55.867552596988276
2023-10-17,711.4169983450084,1157.9817302846623,59.42573249131772
2023-10-18,724.9115933559397,1176.6676315786908,60.11884043743794
2023-10-19,722.7674337416506,1170.081876900784,56.39196524524982
2023-10-20,718.7215624771623,1175.0427700111647,66.74735337494837
2023-10-23,719.1700595639919,1160.5247065312603,51.63129377927112
2023-10-24,717.9039600278521,1145.3044528135545,38.0991727764183
2023-10-25,718.9708461754818,1134.6644905118371,26.03669561119466
2023-10-26,703.8385615283474,1121.39441570869,32.94300033756019
2023-10-27,702.3306661900276,1104.3282788505019,17.887390597131684
2023-10-30,709.9835364573272,1131.5033705416615,34.85865526522525
2023-10-31,692.7059034988672,1132.016094951466,58.40822361964297
2023-11-01,684.6943413857389,1119.1844837638675,56.25869524954908
2023-11-02,682.3523865029407,1103.1269118478463,43.32372984392532
2023-11-03,695.9277120652802,1120.6705986951968,42.76698260815658
2023-11-06,687.1451423148023,1109.4244942515024,43.23097116509928
2023-11-07,670.293626049107,1089.723762851729,45.99892811958614
2023-11-08,679.9348252257383,1083.3931912045437,26.8134242368925
2023-11-09,674.9072112141575,1079.921348575819,30.04506695694215
2023-11-10,685.7522121657761,1102.4641466106748,38.1278637229733
2023-11-13,680.3884496965502,1090.3789763050497,33.19437670964942
2023-11-14,684.8527647607391,1091.3181982038134,28.181178522827963
2023-11-15,681.0941625927519,1097.5349136998318,39.409363576162605
2023-11-16,698.8485023135482,1117.0188104693361,35.22080738460511
2023-11-17,696.1514895029273,1119.6427322990737,41.440746295170584
2023-11-20,674.9085600482317,1098.8123439898122,48.934263925503274
2023-11-21,663.3393589852208,1109.195776552726,74.74329790576508
2023-11-22,670.704206994875,1117.4635946867215,73.19131869355488
2023-11-23,668.4047328137883,1091.3222442501562,50.11593383177183
2023-11-24,675.6888837811525,1113.0808148935087,62.16230318530529
2023-11-27,667.6276185456251,1111.1285958048268,70.95843774399339
2023-11-28,675.0146906953642,1103.7735297934455,53.753942199626636
2023-11-29,684.6642678257125,1125.4609632478212,62.57527281353782
2023-11-30,686.715173128898,1126.549564826059,60.929333987528366
2023-12-01,694.7997138737154,1119.7134671000463,43.313848601759105
2023-12-04,695.2870676459804,1129.8468102591937,52.79738673121983
2023-12-05,681.1435894472594,1125.1358240278882,66.94437143154244
2023-12-06,676.2864815223481,1100.4338981082517,48.71858941178755
2023-12-07,674.8472774705572,1089.9214151312203,40.12504517047739
2023-12-08,677.9445187300246,1082.167175944244,28.241150970877925
2023-12-11,688.8252454061425,1085.9248570122775,17.491196470754176
2023-12-12,692.2287983546138,1083.8499063905065,10.87817525102139
2023-12-13,688.2058968354077,1090.9711603454891,23.363297898278915
2023-12-14,690.084300780815,1089.19253801072,19.08013696963326
2023-12-15,676.0059601495226,1086.451744130981,35.11046393161757
2023-12-18,683.4979413822662,1090.6567858985907,29.326197388902415
2023-12-19,685.7181758682038,1083.4033132021987,19.112412044593498
2023-12-20,674.3336026802881,1065.2236411845906,16.11217094420647
2023-12-21,677.7972277640783,1071.2561891050739,17.526552086302786
2023-12-22,669.5107190750434,1070.087258627873,27.406299861148568
2023-12-25,677.552102527903,1079.3642004649794,25.961397094442077
2023-12-26,688.3041669579546,1087.0787087387666,19.33981946149379
2023-12-27,686.6230416622293,1089.8335410580685,24.336152175096117
2023-12-28,685.8189251045067,1096.2979330169808,31.872699544305192
2023-12-29,671.8629007291329,1095.8877140182988,50.07051304612162
2024-01-01,663.3361147167167,1085.838196921924,51.39004396630173
2024-01-02,648.7867664032728,1076.7799893137371,61.73096744270663
2024-01-03,661.8166983963214,1099.0859440105512,66.66367948212269
2024-01-04,670.361985167911,1092.9919487018763,49.17596847799484
2024-01-05,661.8620690109738,1080.2742167049298,47.791458023631435
2024-01-08,651.977793500332,1080.5392765459728,61.235551878863475
2024-01-09,653.8484751763247,1081.8995073009985,60.10154039923225
2024-01-10,658.8228864132683,1077.987481835351,49.556966617659896
2024-01-11,649.2932725034559,1060.5389707643817,44.81460742644049
2024-01-12,654.3900631081822,1068.440121253353,45.920037109110126
2024-01-15,660.2954334328183,1083.6950602731904,53.30114902943262
2024-01-16,646.0587373605637,1064.4003747515558,52.98872493747092
2024-01-17,647.606778880659,1053.7780430823714,40.3023379081593
2024-01-18,642.2076952809027,1057.3462301612321,51.06930312002851
2024-01-19,653.4524056657607,1077.7769491705462,56.50707494953201
2024-01-22,653.8539966522768,1076.0356967709515,54.23036790124911
2024-01-23,664.9242325210878,1083.4120582468827,46.846414885432296
2024-01-24,668.2884571538955,1098.5084302941684,57.45715408897445
2024-01-25,664.2022187111588,1088.6226966425568,53.01973836101172
2024-01-26,663.9351192694149,1093.5715468285782,58.324721136025005
2024-01-29,668.8132914000101,1099.544503659511,57.79344845949754
2024-01-30,674.4499963862627,1090.1771228383652,40.91046099001494
2024-01-31,665.0321547365423,1082.4099427991619,45.700403150438774
2024-02-01,655.127075792004,1060.4882249361417,36.98545721346966
2024-02-02,642.604621537278,1040.1668251226727,33.36066307296858
2024-02-05,640.8864830925523,1029.6460300166277,25.13071922655797
2024-02-06,643.3658144684424,1046.6875953974238,38.866509439500646
2024-02-07,641.9490343625824,1056.378822254248,50.446776437471385
2024-02-08,644.9608511345336,1049.3366383420002,39.38883682928872
2024-02-09,642.4164431347257,1038.2152152549954,31.659957742027814
2024-02-12,650.2760088053683,1035.8893931063676,18.85471469920992
2024-02-13,663.8170373131595,1053.9661876165987,18.876804532386018
2024-02-14,642.5110445667407,1040.6754755919242,33.99408283626997
2024-02-15,658.3145468186106,1049.1838480991464,21.431119007665643
2024-02-16,668.4301463512628,1043.235984039519,1.9957889045019783
2024-02-19,670.8651383683552,1031.3452501576323,-13.14160100017466
2024-02-20,675.7132687569292,1020.8646363099357,-30.086388699303257
2024-02-21,647.389512938031,999.1259621405927,-14.060055110115286
2024-02-22,670.7466021470389,1016.2707212695456,-28.058081593172915
2024-02-23,679.2688783505854,1025.5149007879847,-30.176937012795747
2024-02-26,675.45975406112,1027.8820292313042,-22.730976183522444
2024-02-27,692.6277346004783,1033.473718918264,-40.02992721570706
2024-02-28,698.271171351575,1042.1167575667196,-38.9114709020472
2024-02-29,682.0333593793463,1042.1919655143565,-17.185846991438552
2024-03-01,702.5901025804479,1053.191537394154,-33.59526604644327
2024-03-04,721.1934715229321,1070.9477542503569,-40.6435411135526
2024-03-05,718.4917997050213,1082.5055740953542,-25.483492178007623
2024-03-06,720.2498653476006,1087.4247752976503,-22.908378499150444
2024-03-07,736.6283461516441,1114.321594560084,-17.849533642108213
2024-03-08,745.9583094672098,1110.0822409187472,-34.528838370865856
2024-03-11,726.3439170873378,1103.4105049555208,-15.048051160929617
2024-03-12,714.8344631687212,1094.583749275376,-8.528868282918893
2024-03-13,701.9711679366312,1081.3569884074932,-4.604568841348396
2024-03-14,687.2164802748929,1082.670376279658,16.381735913134207
2024-03-15,675.7461021911412,1070.8218494553607,19.827046533839166
2024-03-18,673.436781939104,1079.4736540221668,31.557944770028143
2024-03-19,658.0988610578902,1064.398274026775,36.93312594958809
2024-03-20,655.833924754009,1066.8514675329473,42.406234527601896
2024-03-21,660.639657738269,1067.3196908793223,36.46681389496359
2024-03-22,663.0056709586526,1066.232053077402,32.22449179919863
2024-03-25,667.738600263335,1069.8758043236119,29.557670639165167
2024-03-26,660.633531019301,1062.805540923385,31.960832897650334
2024-03-27,664.291749764527,1086.4000986742228,50.67776565485349
2024-03-28,658.9825327929179,1083.772515874336,55.12913881711211
2024-03-29,674.0589921057132,1079.651122440539,30.905799632921457
2024-04-01,655.2694732543857,1050.8804563310634,27.18782532521584
2024-04-02,654.0278746600125,1071.105064969465,49.06789875611514
2024-04-03,658.0109921879728,1085.639841284288,58.29185170032429
2024-04-04,655.6146962583847,1060.7192123585287,36.566284014015764
2024-04-05,631.6596288870987,1046.427518711086,54.21468019495421
2024-04-08,633.7168946700698,1036.967605626722,42.011746066628916
2024-04-09,645.0617166585823,1034.746155303154,24.663866425044148
2024-04-10,656.643007376549,1058.5022032104969,32.97819337509816
2024-04-11,648.6547666186142,1040.993628636401,26.120606478248646
2024-04-12,657.2958796447267,1039.8866009493622,13.492094756393271
2024-04-15,666.1307873966598,1038.0982261511115,-0.07615704443492177
2024-04-16,674.4107167264921,1046.949949083256,-2.2643398854002044
2024-04-17,669.5235865998977,1034.8843652011512,-7.813750265379099
2024-04-18,671.796152605919,1021.0351291969141,-24.69307427764454
2024-04-19,668.6170302428884,1015.2892835414185,-26.20009011576599
2024-04-22,675.538344780694,1011.5332843790037,-39.184508661921654
2024-04-23,693.4631207730846,1025.665643789808,-48.951850574304785
2024-04-24,680.5157550980372,1026.7234695490656,-30.630870581650584
2024-04-25,697.9742967616041,1041.480937969304,-39.15145771283483
2024-04-26,687.608446312694,1032.9356662637076,-33.875595486551106
2024-04-29,679.6843856468778,1023.6803912003215,-32.56545632884888
2024-04-30,696.0124641099617,1042.3591621083237,-35.65745670495846
2024-05-01,697.0583825237593,1046.8725762501765,-32.53860044816918
2024-05-02,695.8604748379734,1053.670762950514,-24.143203500117124
2024-05-03,704.9504572244358,1059.1424507067923,-30.79149225912215
2024-05-06,705.4629686843173,1081.4064246706812,-9.210866908408548
2024-05-07,709.4866606932826,1083.7280336094877,-12.25418064822236
2024-05-08,731.680439553745,1104.4680077171668,-21.10591168782662
2024-05-09,718.0639707754618,1098.6847172026914,-8.733910497924285
2024-05-10,707.0780512498363,1084.3076803152567,-8.463054684525105
2024-05-13,710.0323249931891,1086.165319965404,-10.54444669218151
2024-05-14,700.7803792310291,1072.9837306355896,-11.39010833911584
2024-05-15,693.6272028529627,1077.1671229261183,2.330852455501372
2024-05-16,685.2319122795273,1064.4226081333397,0.7800584273034019
2024-05-17,706.8091582018797,1079.868991735117,-12.543219200722433
2024-05-20,722.7118620555312,1106.6105504372576,-7.0052656367839745
2024-05-21,720.1076803852515,1091.3624139734961,-18.78115987350577
2024-05-22,724.410530786547,1101.7415077475844,-14.139199967811692
2024-05-23,734.5657855136769,1111.9635809727665,-17.45746637880268
2024-05-24,747.4937609377248,1136.8887983791265,-9.769549537839907
2024-05-27,733.9210196536055,1138.243090038644,9.68173050050325
2024-05-28,734.9393500350435,1133.8786474723552,3.959514092297127
2024-05-29,730.2403040670164,1147.3738519942763,23.720113238254385
2024-05-30,740.6016076601119,1139.9704924933762,2.501682279893771
2024-05-31,740.4964136526679,1138.648367934064,1.3198163971734402
2024-06-03,737.3714253785711,1131.0105438175576,-2.1513566872038155
2024-06-04,719.4199762194671,1122.7643815999368,13.537746640647242
2024-06-05,707.9470514198186,1108.6109842219919,14.68158232890039
2024-06-06,700.5411408818965,1094.9953595391198,10.940505029924566
2024-06-07,708.1392088243146,1105.7409732433227,11.555361477570045
2024-06-10,699.9287275746117,1089.4381987742918,6.1998953414762354
2024-06-11,694.1600573773906,1092.993965658922,17.44722248906794
2024-06-12,695.0109140493583,1095.9909240425295,19.309705310051754
2024-06-13,690.8831894937143,1089.7808674481855,18.60328145656638
2024-06-14,692.7525645193007,1074.8749890714296,1.204903045695346
2024-06-17,709.8308812062429,1083.9461123784165,-12.495062563240708
2024-06-18,702.7655441341401,1089.8789717191187,2.858246206931881
2024-06-19,704.5991719351734,1092.1562723753425,2.6907097951112746
2024-06-20,697.4764410761738,1071.5095800676534,-8.4590080339118
2024-06-21,698.9427260917728,1083.8415122414751,1.9178774524447135
2024-06-24,688.4572878710628,1086.6005274987124,18.657477003961958
2024-06-25,675.7787816007237,1068.0181228132137,16.97974734558204
2024-06-26,680.8558499808375,1072.9453199469672,15.137519972517111
2024-06-27,687.8965455232021,1073.0901363265011,5.8947422955649245
2024-06-28,676.2679590421666,1045.7032092292798,-5.987402826942343
2024-07-01,663.1354564838341,1024.474594411958,-9.706014233154178
2024-07-02,648.0767066634404,1013.5476822956704,-0.5545932555835407
2024-07-03,641.3238258478087,990.7576021925075,-14.340832271237446
2024-07-04,666.5100422332882,1007.7023275378917,-30.977728773159242
2024-07-05,653.1349820296045,1006.5782688669158,-14.268373839223614
2024-07-08,665.085207283391,1008.4361735524651,-28.34410282538954
2024-07-09,649.4669767472798,986.3990001881242,-29.556968808248826
2024-07-10,661.0258650203157,994.9988805999889,-36.36893942709867
2024-07-11,652.4759153705571,987.7060117412856,-32.26187541945728
2024-07-12,664.8201457936168,988.125432979649,-48.301428078506774
2024-07-15,660.6253364940982,973.7636841149866,-57.070097877144235
2024-07-16,683.0976702655495,1009.2615508931707,-51.535342794228654
2024-07-17,692.9360400367506,1017.6146027285394,-56.30011732046137
2024-07-18,699.6177588516757,1006.4484237488945,-76.37525472000652
2024-07-19,702.0727259907106,998.3028022897836,-87.79416569783064
2024-07-22,686.8053213861247,980.4562415212258,-85.28418699360702
2024-07-23,682.5791599308177,982.5932378451186,-77.512308729305
2024-07-24,689.7233370164769,991.9183368356669,-77.71277918630233
2024-07-25,678.9929412627487,989.2312129829186,-66.09270870074636
2024-07-26,677.354484946439,998.4328702242808,-54.70644303763788
2024-07-29,667.2455006533213,967.3011701076454,-72.35949743011633
2024-07-30,662.0308752985981,981.1054050639826,-51.60242866748149
2024-07-31,666.7773156846531,984.5478538070976,-54.4885671057732
2024-08-01,675.8564346826672,997.5461334508836,-53.59577945933927
2024-08-02,680.4590161226457,998.1460322085093,-59.13265595501832
2024-08-05,680.912674576425,1001.0523624456836,-56.83120365621653
2024-08-06,673.6531686982987,986.1264182876233,-62.07780664344159
2024-08-07,674.8464803569153,996.0139527609887,-53.78135438156505
2024-08-08,681.4301312467769,1006.7416705411682,-51.8318377878677
2024-08-09,686.4680267898548,1033.6468019313404,-31.643900455132666
2024-08-12,688.8434489086837,1045.3231596405585,-23.134772237686434
2024-08-13,709.6121653363957,1065.1628021920449,-30.986751589816095
2024-08-14,711.8587102433671,1076.9421600617507,-22.202786929405534
2024-08-15,730.0422189772751,1096.6587552847889,-26.73087001824456
2024-08-16,733.262981885493,1100.7877920615551,-26.896183785768812
2024-08-19,718.3497297064531,1097.9965709625376,-9.80306864606655
2024-08-20,714.6795379579826,1079.1741794818909,-23.731871128752573
2024-08-21,712.2872638654575,1061.883573181155,-37.83277863945489
2024-08-22,700.2756020757023,1051.871278230238,-31.829524537365046
2024-08-23,689.5649466500631,1052.1650024138971,-17.254926452853738
2024-08-26,673.1939284271143,1039.9467832790326,-7.645121290453176
2024-08-27,678.9000722084222,1058.3087768263672,3.108680548470943
2024-08-28,688.4989760930573,1069.653378617293,1.6547438265498613
2024-08-29,689.0021280271166,1069.908678836139,1.239174799983516
2024-08-30,700.9888004538207,1075.536078070225,-9.11565586820268
2024-09-02,706.2353789806374,1079.917471595947,-11.729700378236089
2024-09-03,708.3508832644466,1079.9044994850572,-14.563344867538262
2024-09-04,731.5889100998467,1095.6794446327513,-29.772435500377583
2024-09-05,733.6570676824393,1100.57701253485,-27.63241104173585
2024-09-06,739.8158197101867,1110.7499517168405,-25.671141230075023
2024-09-09,743.8268217991662,1123.919782248678,-17.849313483543483
2024-09-10,725.2174681556564,1107.5314693141574,-9.425154893384502
2024-09-11,710.3690728835504,1096.43307188213,-0.7256919626039462
2024-09-12,696.5545046159491,1075.1844066778015,-3.5549328101307083
2024-09-13,695.4710373547974,1087.067476613504,9.77276014044071
2024-09-16,701.3915993728571,1095.562069151373,10.373269987563503
2024-09-17,716.4223775059229,1101.2588920456906,-3.970944628873326
2024-09-18,692.174868369353,1075.3471664616363,2.4473419691656773
2024-09-19,688.7845315046677,1083.5873779646167,15.208002625059748
2024-09-20,711.6722215166085,1093.4076175818063,-5.488677773671611
2024-09-23,738.8555696735903,1133.0912474262293,-2.049512138557702
2024-09-24,747.7147542546973,1144.9971984253318,-1.9558072475978179
2024-09-25,775.2821172134093,1171.3528873361622,-12.356602281716732
2024-09-26,768.1760676551111,1166.5524898483645,-7.682267025116971
2024-09-27,750.3728988679176,1155.1809309576774,4.683732467120649
2024-09-30,748.0457285005489,1156.4089078628926,9.014603195494146
2024-10-01,751.2872378556847,1149.3741669404424,-2.3421502004705417
2024-10-02,765.8213532214754,1153.251813091738,-17.843324536895807
2024-10-03,775.3255172706351,1146.8851186732138,-36.88223768763305
2024-10-04,778.5451967793465,1142.4066469617162,-45.653615410745715
2024-10-07,777.7167693993667,1136.0462988576437,-50.909393674845205
2024-10-08,749.6370920165301,1101.503322222281,-48.0128004664258
2024-10-09,749.4394115282237,1107.7306799241542,-41.52186878014402
2024-10-10,731.0954380334258,1072.4633139111247,-52.330603466776324
2024-10-11,720.2645376803043,1061.805263308327,-48.54745359874539
2024-10-14,712.4200896638991,1048.4617285804293,-51.431724304769546
2024-10-15,721.3934416612902,1065.6306887662995,-46.22723344875419
2024-10-16,729.1459041519207,1064.9075724875743,-57.286966381653315
2024-10-17,729.2565419544516,1064.1006114320369,-58.241444507231904
2024-10-18,712.096160852915,1057.725094360195,-41.73645344369163
2024-10-21,712.5160728510963,1054.5430411905968,-45.47838927753162
2024-10-22,727.8509079157075,1075.6240106277542,-44.84386659318909
2024-10-23,736.9123605750505,1095.1204581172908,-37.42935598277643
2024-10-24,744.3862768334021,1090.8518397570813,-51.66319602078818
2024-10-25,738.8823431775575,1095.8517834367667,-39.32467413330994
2024-10-28,729.051808963187,1088.064213031193,-34.004865586389656
2024-10-29,732.8464619378553,1105.130616060441,-21.99799985669938
2024-10-30,747.017523013926,1126.7046377114061,-19.31872630716191
2024-10-31,743.8372341293554,1132.8334789398166,-8.949499899323882
2024-11-01,749.070161777747,1136.417262469767,-12.342953233895742
2024-11-04,764.0687071464367,1155.097939873184,-13.66033632206495
2024-11-05,753.7743807894261,1158.2648554178638,3.2323476986290416
2024-11-06,749.6645636435883,1160.3943708183294,10.841619293545023
2024-11-07,730.6295219645531,1142.6541405264331,18.48144457369574
2024-11-08,718.9205340570047,1122.4974307132493,13.936718637242961
2024-11-11,696.5975250971123,1121.7875602059453,42.99086007646213
2024-11-12,694.5172213506634,1121.9279224267511,45.90496062586669
2024-11-13,706.2208906996173,1132.0292433593224,40.40138909316613
2024-11-14,711.3753795206003,1124.0895315196613,25.589025492194196
2024-11-15,712.9544479458074,1121.7572232912185,21.151292696808582
2024-11-18,717.9317048813491,1128.2306434521781,20.988370277045988
2024-11-19,701.5602317046479,1095.4542097754377,10.040567502573822
2024-11-20,689.8307059490684,1091.3985001843027,21.624225585544878
2024-11-21,694.0677300667545,1099.203085409158,23.779445320151922
2024-11-22,671.559864295884,1053.2629950734768,7.8498426789647056
2024-11-25,664.7853072624468,1044.2394600952694,7.859050412006923
2024-11-26,658.3626374459702,1041.5509238913698,13.734073963409514
2024-11-27,656.5515829853163,1029.7661307946491,4.3640201475608364
2024-11-28,647.4310155824377,1022.7282566466157,9.486902536698835
2024-11-29,648.2507370918042,1023.1517362933697,8.817420170964056
2024-12-02,671.4620004118698,1043.1729199568706,-2.1097472589557356
2024-12-03,672.515461643391,1035.8314160867394,-10.855866104448523
2024-12-04,668.4766730519981,1037.0358664970972,-4.266364238900223
2024-12-05,674.2521140864941,1041.4025970006799,-7.600221781312257
2024-12-06,678.1761472786657,1045.8829604738285,-8.35190256439239
2024-12-09,657.7597180217314,998.8031457969303,-28.20981156537823
2024-12-10,681.6081701418459,1028.0394498679432,-30.771443654518066
2024-12-11,680.6225629170671,1012.8161409217792,-44.68060963431026
2024-12-12,666.5864292614059,1012.422509374566,-26.359396307308543
2024-12-13,637.1193838453349,983.385886130302,-16.106625663477985
2024-12-16,645.9876277002577,993.2913099223478,-18.02552701132913
2024-12-17,653.7141644879564,999.8517636309379,-21.76712235300397
2024-12-18,678.310605074499,1014.3965418052495,-40.01759829408252
2024-12-19,663.4217365173504,1004.0133108154984,-30.54900454096878
2024-12-20,678.1980842652265,1017.5643732684265,-36.699739085208876
2024-12-23,689.0664111289577,1023.4710782720031,-45.28413656660723
2024-12-24,675.7390019541135,1024.2114185872567,-26.773917351561295
2024-12-25,692.1266552059708,1052.7344884492697,-20.101051825358013
2024-12-26,686.8482076466885,1038.2134969821948,-27.584113213389855
2024-12-27,673.7606156273024,1024.9151554777027,-23.432332025367145
2024-12-30,679.6578426579003,1035.1534690815863,-21.05698779561419
2024-12-31,663.9514610463083,1022.9540461074753,-12.314568620935802
2025-01-01,663.9707641101223,1024.1620442770165,-11.13230786981319
2025-01-02,663.556653773102,1022.4657194619633,-12.276485568839348
2025-01-03,669.5950109883117,1029.551654133684,-13.241693850731622
2025-01-06,671.7387234600325,1026.0209831067339,-19.630648173309396
2025-01-07,675.6668189483541,1029.0600596298839,-21.829032301254983
2025-01-08,652.8543552850012,1012.847795030013,-7.624678683322031
2025-01-09,650.1029610403464,1018.5050553162419,1.701107262446726
2025-01-10,648.44214232553,1016.4448531034768,1.855330002770188
2025-01-13,650.6224667129153,1018.7104894989453,1.213867215058258
2025-01-14,646.0356612438902,999.4958605653468,-11.885021093173464
2025-01-15,664.8305604113768,1004.249964423004,-32.19078279216512
2025-01-16,661.0782382183778,1006.9289908074309,-24.508660150406172
2025-01-17,664.9027129384298,1015.7319788328717,-20.80497175170126
2025-01-20,672.7796654830001,1034.148175951141,-12.89137802619257
2025-01-21,675.6582805824208,1062.259583960798,11.381876517570163
2025-01-22,664.5694973175857,1053.9787269834464,17.886063893332107
2025-01-23,660.6193693501843,1045.5574364208521,14.731610620606375
2025-01-24,663.4815910981538,1061.145191139862,26.50306967565689
2025-01-27,655.9002308809581,1047.6265540948264,23.092912920215554
2025-01-28,663.3135668627679,1059.5711057720732,25.15301662171612
2025-01-29,683.6062054884125,1088.1531605629182,26.678219911701603
2025-01-30,685.6778622798895,1087.1485973031158,22.91144759659653
2025-01-31,687.5776221000658,1087.4039746644514,20.63381186436368
2025-02-03,672.3486141542566,1073.0812121935762,26.616393321234114
2025-02-04,670.2282787779585,1068.9970921436482,25.35938710637015
2025-02-05,665.4560675483816,1079.5278104838721,42.2530537526967
2025-02-06,672.568900129548,1094.7652723068388,48.00673880077488
2025-02-07,665.8637906150431,1078.705660175007,40.88727268828302
2025-02-10,662.7085135996497,1077.7315158033432,44.12016433714359
2025-02-11,658.953134898184,1072.249214596773,43.64503473252773
2025-02-12,668.823716154394,1084.4430914766713,42.67813660414595
2025-02-13,658.2350112744789,1070.1503289285927,42.50364722928748
2025-02-14,651.3207666934696,1064.914994199099,46.487305274472874
2025-02-17,639.3321474934454,1051.4352999158361,48.99243659124227
2025-02-18,646.4330334459314,1058.5542247626065,46.64351350136462
2025-02-19,637.1719028098856,1043.8908417558278,44.328304675980235
2025-02-20,638.5724200915997,1049.3803969954567,47.95050353999045
2025-02-21,647.1265194467651,1056.416842646892,43.581483384538615
2025-02-24,633.7362597573546,1055.749016375539,60.76733669906628
2025-02-25,636.9029025673624,1062.2362468779622,63.03237678814571
2025-02-26,640.1232370807853,1055.9975517645394,52.49990232349228
2025-02-27,637.0219106974689,1055.0158252507927,55.65327765416748
2025-02-28,647.5358939114116,1065.7894025645899,52.40821068270782
2025-03-03,615.7488309045777,1032.0689191404467,61.0704779343431
2025-03-04,619.5763164273616,1046.8141266697864,70.71237143330438
2025-03-05,626.879107313787,1075.6049057468992,89.76609599518326
2025-03-06,641.2160584733567,1101.9068224375765,96.9520778064342
2025-03-07,650.8410879160665,1098.5139234804283,80.72580625900628
2025-03-10,659.5131592958595,1112.3128495727158,82.9619705115698
2025-03-11,653.9364707557049,1111.6037788752224,89.68848453428245
2025-03-12,658.1950753442242,1111.0762123451743,83.4827785528754
2025-03-13,656.8184904545994,1106.737013085158,80.97902581235871
2025-03-14,659.1213749944401,1104.6686454363276,75.84014544374077
2025-03-17,664.6690872621937,1092.1616832432164,55.9362335602915
2025-03-18,661.5433563035995,1073.5009996463273,41.443191241527984
2025-03-19,656.3749307151035,1072.993934033609,47.82735974680452
2025-03-20,656.5224411333216,1071.995683139739,46.63242829531009
2025-03-21,657.1560549950455,1086.4951163212936,60.28704299456638
2025-03-24,645.6220022015663,1082.8134689772276,71.98413270847254
2025-03-25,630.2946558998171,1062.7936864836604,72.40081195057087
2025-03-26,632.1531457780483,1056.7666818783152,63.89582084091751
2025-03-27,634.4078485968764,1065.165101559966,69.28797009746404
2025-03-28,622.6668057713337,1052.3130153301345,72.09060763502293
2025-03-31,619.2995620544441,1031.529952207246,55.79720280132051
2025-04-01,617.8404995743649,1023.0320643522068,49.24473158638693
2025-04-02,631.2527447496252,1028.77978843624,37.109462103406486
2025-04-03,648.3708830231715,1040.9376421066547,26.443131409092757
2025-04-04,668.1804366637482,1064.7699265310853,23.862677646087718
2025-04-07,672.7397642551927,1076.3387768628204,29.352424522563524
2025-04-08,682.0286916754465,1097.8411585124368,38.46956961184151
2025-04-09,700.2583173075121,1112.169036196512,28.491279786495852
2025-04-10,685.8734770899723,1073.6525621417436,9.154592688447224
2025-04-11,681.2635012479028,1076.2912285485904,17.939893551386717
2025-04-14,684.950724422419,1080.9114594941616,17.64382693093637
2025-04-15,680.7570888555815,1071.2632190521986,13.587100578089917
2025-04-16,677.3496838580614,1071.6532487676025,18.52033695685384
2025-04-17,658.2005761741093,1060.079313932087,32.478545699941265
2025-04-18,642.9850290386246,1043.9722384774332,36.65886642593375
2025-04-21,636.6433683808464,1034.5579361049488,35.70011159715364
2025-04-22,626.2973424262192,1014.5047623482195,29.441639113260635
2025-04-23,624.277690495609,1003.4212849116026,21.051030917457183
2025-04-24,648.7227567046888,1023.6422616685708,8.678586062319027
2025-04-25,641.9785779763165,1012.7660410506883,6.7946037489329
2025-04-28,631.1776738529785,982.0363932809173,-9.533838523053987
2025-04-29,628.7922928742518,982.7598275865947,-5.629896245740952
2025-04-30,614.0846036254603,969.3855064458045,0.6060349451906859
2025-05-01,602.7439448722021,958.691942771927,5.033349608990875
2025-05-02,606.6470154027726,966.604719124669,7.742031920972295
2025-05-05,611.2483953578884,965.603381498694,0.605521021509503
2025-05-06,620.1067086864848,970.730334611739,-6.0786103035741235
2025-05-07,623.8019210159291,980.287270850521,-1.448623837384389
2025-05-08,621.0449295361162,967.524178844586,-10.535727203568968
2025-05-09,627.3077452477297,964.7981083662298,-21.612218630743087
2025-05-12,618.6901106103679,948.5072049983264,-26.412942482164112
2025-05-13,627.1877946072208,955.628147174729,-30.622245634898718
2025-05-14,605.161026154008,941.9603167080289,-14.921051497315148
2025-05-15,625.3454704817191,975.4431168811672,-8.350843761124906
2025-05-16,619.95539191087,971.4165208241498,-5.190668390343603
2025-05-19,625.1887815942788,983.9351052017373,0.3500630760322565
2025-05-20,625.7314362903884,975.7690758754079,-8.539505845109943
2025-05-21,633.359442701672,988.2926069113039,-6.1866500242588245
2025-05-22,620.1835279053615,973.2737174665147,-3.6376530739673854
2025-05-23,623.0625155223277,976.3017211209384,-4.448299575498481
2025-05-26,628.4218199253706,988.1530998705879,0.2573399700936534
2025-05-27,633.929623879265,992.6819554840413,-2.557543021645415
2025-05-28,620.5391609175116,985.4880095571128,8.102461667097373
2025-05-29,634.469679135046,1015.1961806258864,19.236608445825027
2025-05-30,634.2024649355367,1014.7029609760256,19.09967439530999
2025-06-02,648.7157643567874,1040.8677133149674,25.913360839250913
2025-06-03,652.0829482553265,1050.2569423236182,30.813011316516167
2025-06-04,644.1061550930427,1047.5672748596173,38.759068068893725
2025-06-05,635.6609746725197,1037.8969543005835,40.3489880705572
2025-06-06,634.4630473985503,1032.5028336091627,36.55210374442902
2025-06-09,613.4085179735815,1004.7081108270947,36.83008686231938
2025-06-10,616.9279082670965,1007.5605666263774,34.99002227024869
2025-06-11,613.3595628513547,1007.580060574633,39.76731010616004
2025-06-12,620.3119303862288,1021.420923942756,44.3383500944509
2025-06-13,612.6363552718731,1013.8250557483447,46.97658205251389
2025-06-16,609.7068888553201,1003.2787135799093,40.33619510614915
2025-06-17,595.6607769319312,988.4426540731281,44.22828483055321
2025-06-18,587.9645510021143,998.3483985600097,64.39566389052402
2025-06-19,587.6360577929214,995.7676481119436,62.252904388048364
2025-06-20,584.5442558617518,1007.8326379666939,78.44029681769155
2025-06-23,576.4995584047338,997.6305119847684,78.96443411179007
2025-06-24,570.2353158404264,989.5621584772272,79.24840402332529
2025-06-25,570.7134417601774,998.5950647152277,87.64380903499125
2025-06-26,558.7781716885055,985.2708303233317,90.233268071991
2025-06-27,573.9412527255114,996.48241980069,81.22741616667474
2025-06-30,573.0907335973066,987.6791103427477,73.55813221300559
2025-07-01,550.2236211978573,962.7051506946462,79.07365576416987
2025-07-02,561.4528447846644,970.2243421486959,71.62054910247662
2025-07-03,546.0303450773275,955.9497811660351,77.90932106293178
2025-07-04,547.8023331419113,965.2789911072646,84.87588025138291
2025-07-07,556.7280776909198,971.9604308241928,79.65632723629972
2025-07-08,561.1959089961788,961.5400921364951,63.27888014159009
2025-07-09,571.947175676355,973.7373682294025,61.14113399426253
2025-07-10,582.4987749150234,992.8090570220851,66.14402380205388
2025-07-11,580.5104492183497,989.1443347044078,65.13040241327496
2025-07-14,573.1849771773805,964.2402767459223,49.99364050941506
2025-07-15,572.7546997583662,964.8317420795594,51.15880906840448
2025-07-16,563.7269268318034,961.2090205286606,59.573118086256045
2025-07-17,565.4772651370259,966.3271752413553,62.35748839198743
2025-07-18,559.4781533740248,945.6284965247888,49.657625359422354
2025-07-21,567.2602276414295,958.1439194964057,51.79694930783296
2025-07-22,567.1123938589179,954.4090543051174,48.25919582656013
2025-07-23,565.4732134349832,951.4814857805288,47.5172012005512
2025-07-24,561.7968388638411,931.651615309733,32.5891634912781
2025-07-25,569.6352576929369,927.8432618349738,18.329584911057964
2025-07-28,567.4538976454752,923.4861076236388,16.880910763005204
2025-07-29,570.6205490492135,914.3291568062699,3.501758073985229
2025-07-30,582.2666637681741,930.8384908618729,4.482939170974078
2025-07-31,589.9935256064842,948.3756899638406,11.717655821861626
2025-08-01,583.1607461967543,917.2210771425426,-10.326584453129726
2025-08-04,586.8976631630698,931.2566531568309,-1.273564393928723
2025-08-05,598.292907871215,938.3350803587581,-9.388796802861862
2025-08-06,597.9593735310239,940.7180640132817,-6.561100694750053
2025-08-07,581.4829021559163,920.377581230002,-4.9329549778865385
2025-08-08,576.4080628463059,928.1661979158745,9.622114120799893
2025-08-11,571.3185049945214,935.7217602903672,23.963753631005375
2025-08-12,572.3367208752431,923.8316359126022,10.716008078944697
2025-08-13,593.2213557317507,936.912765233092,-4.049042409242247
2025-08-14,599.6590420846301,956.8111564795578,7.26576703338435
2025-08-15,595.2045499523313,943.0854748658271,-0.5205917372812792
2025-08-18,605.6140413995661,953.9362303034821,-3.5491582292726207
2025-08-19,594.4367293239668,935.2312719118975,-7.351033853391641
2025-08-20,591.4503825476563,940.4395502479299,1.8390401843881818
2025-08-21,589.4736089535971,944.1050416838036,8.140229745674105
2025-08-22,605.5368606813016,969.8866264587001,12.504145550297949
2025-08-25,619.7753786448856,993.8129291363765,17.445757609862426
2025-08-26,604.4350952064326,989.3933690997809,33.47990882453746
2025-08-27,608.1048982751449,992.0404608677471,31.23392983422059
2025-08-28,598.2162340742877,969.311730039867,21.690084607483413
2025-08-29,588.3650132771667,959.7629255849718,25.276241215416235
2025-09-01,578.2105419181803,943.4711859846503,22.523796760409937
2025-09-02,573.4494545869636,944.270584257221,29.671311474602817
2025-09-03,571.6950076712211,941.537709388681,29.27769916038619
2025-09-04,584.567720986316,951.8922663938024,22.468638412047767
2025-09-05,590.863346707587,949.8685182277637,12.050722617647807
2025-09-08,594.63013461961,954.7621384757856,11.921958982972342
2025-09-09,596.9313011411875,953.5781907079019,7.6697891863184395
2025-09-10,587.8746381206724,942.8683790556504,9.035528228087173
2025-09-11,584.2816489121628,947.8813602609727,18.839161711422207
2025-09-12,593.4175128385341,947.5300159667987,6.3066655154199225
2025-09-15,599.953728697953,950.3752052853238,0.43690035471979627
2025-09-16,604.8855728799074,951.6709079214922,-4.843189251717604
2025-09-17,591.4025150310637,947.4712085489189,8.934521840834009
2025-09-18,596.31265405839,942.8601248436055,-2.2234139009144656
2025-09-19,579.1894595182027,922.874582995745,0.6219703048079737
2025-09-22,569.252401380949,911.0309338411879,2.027731999922594
2025-09-23,575.7743901953809,928.9023874808404,11.203200553665852
2025-09-24,573.4226964926847,937.6338852239987,23.070289900419084
2025-09-25,584.8490106374974,945.6701060881617,15.871425238165216
2025-09-26,570.2704905678642,938.5358285976193,28.17517450713376
2025-09-29,576.7016684151332,963.473067534171,44.537509647326715
2025-09-30,590.5779338768257,983.6638564778641,46.226611308763154
2025-10-01,607.0102912220771,991.468500084394,32.12144512162456
2025-10-02,609.4052904272046,991.6676471855911,29.127259949318386
2025-10-03,626.6519404522422,1013.3223630447058,27.786442441716076
2025-10-06,596.7864107430458,996.0618496109824,50.346635286921355
2025-10-07,588.9584290192872,994.6379460939031,59.36004073485344
2025-10-08,585.3221014300336,992.8733407825071,62.443872209128926
2025-10-09,592.0456710070366,1001.1989217219016,61.80469371251945
2025-10-10,583.9525402715797,1004.5519202289074,75.94853320013453
2025-10-13,588.5131855487905,1008.8748891664827,74.19064176809536
2025-10-14,595.9244108515413,1011.778217086726,67.21233595133765
2025-10-15,614.4144205090985,1032.3694015264437,63.15017418097898
2025-10-16,618.5358573279007,1039.4046747700406,64.69019833283971
2025-10-17,610.1881582676957,1020.6960945135663,57.111883489972
2025-10-20,612.9216794748065,1026.4075091960785,59.178603229669875
2025-10-21,626.534873899122,1043.8967674056762,58.51693554018027
2025-10-22,616.25350974776,1038.1447165284333,66.47337019808663
2025-10-23,624.871940411422,1055.4122638301603,72.24967661493099
2025-10-24,628.6450157636199,1048.3048438717103,60.111489520217106
2025-10-27,640.5884689640811,1053.7915928518814,49.673634233106554
2025-10-28,646.6834185120796,1046.0147753633162,33.770217347210064
2025-10-29,654.7066801166853,1047.126991225893,24.1847510703127
2025-10-30,666.0084344657732,1073.614308675925,35.60306272156072
2025-10-31,678.2830567181593,1075.152947621413,20.775538663867223
2025-11-03,668.0567692856303,1057.858753519263,17.116394471756053
2025-11-04,675.0006318784403,1067.7841883672893,17.783345862702163
2025-11-05,676.5726910226108,1072.288622573818,20.191701210336873
2025-11-06,682.6152626470722,1084.0852941168368,23.93161058740725
2025-11-07,700.5692956004877,1100.8642222590067,16.771828125023035
2025-11-10,702.3856553781765,1085.7517114060809,-0.7624957648210966
2025-11-11,687.2786481309174,1065.8148935994705,-0.55663724175281
2025-11-12,674.1372950700243,1055.9142429182575,7.06451615822516
2025-11-13,685.0288342623563,1062.6249266735297,-0.7468523429454308
2025-11-14,679.4827673408017,1053.2765704118958,-2.7004527091731916
2025-11-17,680.6235009480123,1049.917665754527,-7.580335509489373
2025-11-18,684.9102703367477,1056.9144317415958,-6.2992620407344475
2025-11-19,688.273801916296,1067.1215296160462,-0.5768729390150611
2025-11-20,688.2093117038664,1068.6301061496224,1.0176905444672002
2025-11-21,706.8623538780919,1085.8658038138346,-6.617334690287862
2025-11-24,715.0950062505196,1094.2260567650212,-9.233951569004944
2025-11-25,709.1713953899101,1084.8948287909275,-10.66703172895268
2025-11-26,699.3044132287246,1076.2411034697734,-6.164780835192687
2025-11-27,692.0567269794046,1066.0270314239085,-6.715271215297662
2025-11-28,704.8347435991893,1076.9441139779813,-12.835544154271133
2025-12-01,716.8243611490691,1090.6377703113674,-15.128044554058079
2025-12-02,725.7425531529971,1093.5349497037212,-24.12178783360821
2025-12-03,726.5021113634891,1118.6028942326948,-0.06658758529067654
2025-12-04,735.0298108076031,1135.9689142190741,5.929166475603324
2025-12-05,736.6806664097595,1145.6686317751623,13.427743228816325
2025-12-08,722.1188425265418,1123.9274398081602,11.1023164394378
2025-12-09,726.0817510272079,1135.3284826512688,17.219481281658204
2025-12-10,720.421953977308,1128.189447477313,17.626842174235662
2025-12-11,715.4033739512407,1121.652165351687,17.781000083366052
2025-12-12,701.0107947404161,1094.6614589521944,9.980399298306224
2025-12-15,699.3976850516158,1077.3323767594682,-5.197869976019547
2025-12-16,687.9118226087226,1060.9570197726803,-6.258743705616439
2025-12-17,675.9177880025626,1052.152721575974,0.9290042392239002
2025-12-18,670.704329958956,1046.7020614426328,2.429621497358198
2025-12-19,659.6066969356783,1029.9418944850481,0.4662985708104088
2025-12-22,664.6126082645317,1037.8784724426428,1.7283280899338251
2025-12-23,659.3446637195791,1036.1773291582494,7.0511108654773125
2025-12-24,660.9372824438584,1039.0861323831443,7.836422457999788
2025-12-25,677.1421868990714,1050.9049352823276,-1.9513139164341737
2025-12-26,681.0029069125131,1058.2389614048525,0.2350855215016736
2025-12-29,677.8164510565382,1044.9986184953398,-8.756649580044495
2025-12-30,684.5369872594107,1053.579747234149,-9.1362357783986
2025-12-31,684.3133762028143,1053.629424561499,-8.78841037558675
2026-01-01,683.7636712896588,1045.301116167369,-16.3837788855094
2026-01-02,686.1115864662238,1031.8331808077407,-32.982267813890985
2026-01-05,684.9743373557031,1018.1595827399372,-45.13953373433367
2026-01-06,680.3072699830373,1020.3869723195746,-36.689387657808425
2026-01-07,676.6931778070145,1013.2874321499946,-38.97013825935812
2026-01-08,681.3519909918464,1015.4466055741989,-43.022715748262954
2026-01-09,676.0805571310666,1007.6629554444497,-43.77778739697237
2026-01-12,691.3322269371234,1027.1489477414511,-44.62735484138011
2026-01-13,695.5106482703895,1020.9014005207221,-56.44613050646399
2026-01-14,701.1644776430628,1015.1843953193854,-69.70157487136498
2026-01-15,705.2394155584442,1009.6854103831175,-80.63381036147473
2026-01-16,725.6352822427498,1013.5193958869853,-103.9943137700144
2026-01-19,738.0317843643604,1031.294009081816,-102.74837007066446
2026-01-20,715.6625009190512,1011.0225161559325,-93.19415173613584
2026-01-21,730.4818313134555,1033.6952102181972,-90.28056486641015
2026-01-22,709.748613190059,1012.0624882719931,-84.26899598141893
2026-01-23,695.2351801942405,991.469621234022,-85.5106190249652
2026-01-26,686.9890252231677,1000.1527050743794,-65.83266188984419
2026-01-27,687.3134523943969,998.908533602159,-67.50940292370353
2026-01-28,682.5623345321973,1000.675968135027,-59.407144574569315
2026-01-29,688.918003109988,998.9005683893223,-69.65676909066178
2026-01-30,703.6786207897129,1003.105496667958,-85.1326643849925
2026-02-02,699.2567566874503,1003.5622779160208,-78.78006433391295
2026-02-03,716.7959768450413,1016.1955761134836,-89.5323930132381
2026-02-04,718.496930118976,1029.133715864737,-78.86219096056436
2026-02-05,723.9989804015933,1043.878594310468,-71.45337955832292
2026-02-06,734.213881921036,1055.2330819347153,-73.71876062666604
2026-02-09,739.7523191272716,1068.3092782901429,-68.0271472128859
2026-02-10,737.6021480649196,1080.838586905696,-52.630943847530034
2026-02-11,712.7346424009544,1050.7084639439918,-49.60439259061411
2026-02-12,727.4628102276885,1067.5588725005696,-52.39154113634834
2026-02-13,718.4196148347291,1063.0206730153113,-44.87214676432757
2026-02-16,729.1664565774682,1067.6323380893837,-54.58960401390732
2026-02-17,736.300698618699,1072.8933016622696,-58.84096316266243
2026-02-18,733.2126945897026,1069.671783681856,-57.94514243774745
2026-02-19,744.3155628444089,1069.5126256257547,-72.90812483345712
2026-02-20,738.1364925389246,1070.295076772276,-63.88691327962351
2026-02-23,722.1769736123374,1042.455073649271,-70.44755783384551
2026-02-24,727.0645103256951,1046.9684740424204,-72.45087305850632
2026-02-25,723.7351215931792,1045.6027308408004,-69.37743128343857
2026-02-26,711.0550547780573,1060.241569422071,-37.83183694867205
2026-02-27,698.5994283874588,1045.2412024813852,-36.22470203522653
2026-03-02,681.6848938817528,1026.4496184464717,-32.46357339586541
2026-03-03,697.0121174258912,1040.4915427111014,-38.857947190086975
2026-03-04,702.2861868576178,1041.0703993597203,-45.311183117103496
2026-03-05,721.0152956802099,1059.24330431765,-52.110423255963155
2026-03-06,705.2765074327064,1052.2612406918545,-38.107435885087284
2026-03-09,699.8097655544716,1052.7009763825408,-30.37871102342126
2026-03-10,700.0523216061746,1055.1837450261257,-28.219350448773753
2026-03-11,700.2634889713894,1047.342770025969,-36.34188193588352
2026-03-12,682.3996497053561,1039.837325705385,-20.02887390175647
2026-03-13,679.8740468481192,1039.9047666816048,-16.59396244922084
2026-03-16,673.86926667234,1016.7349381172352,-31.757417445884812
2026-03-17,659.3559168230033,1015.4633719514655,-13.677850479205517
2026-03-18,650.4243249071342,1003.8735540321625,-13.358879177349763
2026-03-19,634.7297761342663,984.8467797376194,-11.459588441402389
2026-03-20,630.538554760544,979.0682516952758,-11.64982131878287
2026-03-23,629.3880048860077,972.7952530961907,-16.388753418486317
2026-03-24,623.2854031634511,967.0245810588015,-14.022623159133332
2026-03-25,626.1174379077837,968.5039898427572,-16.319260700954487
2026-03-26,642.922431343529,985.7594803417139,-21.470428116324683
2026-03-27,643.9538692334014,981.3220461438699,-27.283112833998644
2026-03-30,653.7504193737749,981.9649187920479,-39.70230703965194
2026-03-31,636.3390868519907,958.4434073207527,-40.00870848190152
2026-04-01,642.0110664065458,954.6343859106534,-51.380369298074356
2026-04-02,654.4823138076686,965.8848281979836,-56.7582568789079
2026-04-03,638.0786220564079,949.831011064986,-50.940485010224506
2026-04-06,655.4326960436442,958.8304528095036,-65.079808582022
2026-04-07,641.1166642284306,950.7522587929848,-54.06996017825611
2026-04-08,653.6924423811188,970.319572653365,-51.270350521460045
2026-04-09,649.5313546087943,968.3822959598913,-47.659510185167846
2026-04-10,652.1300034805997,980.4084712742357,-39.09820003323057
2026-04-13,673.4364868192413,998.8757464664249,-49.039569292563556
2026-04-14,686.177821395339,1007.5112663068785,-57.39249555357355
2026-04-15,691.3382957676112,1004.4222223772271,-67.36217197958786
2026-04-16,681.7481553037688,999.819325128655,-59.17821527637011
2026-04-17,670.9731965669387,997.9623265342195,-46.668602221698734
2026-04-20,664.1481967837422,992.6593080499953,-42.87162099499426
2026-04-21,662.3568144681037,988.4222175603043,-44.72020173050066
2026-04-22,662.8284679960545,997.8866120737493,-35.88467858765671
2026-04-23,694.3420340258872,1016.5425958844062,-59.24678281677677
2026-04-24,696.3128885857404,1016.975828891347,-61.44135588964025
2026-04-27,684.9614244715494,1009.6590539475544,-53.62284534784487
2026-04-28,674.2944783988371,999.7333676790506,-49.325936852732184
2026-04-29,686.4099551426514,993.8339758030567,-71.37929772047846
2026-04-30,687.8798233610019,999.1516828473165,-68.02141496735271
2026-05-01,676.2823087748195,993.7079040118743,-58.0018410212183
2026-05-04,678.951471042354,993.4132245636908,-61.85540349278119
2026-05-05,690.8011845921576,993.2647250158527,-77.80352110702404
2026-05-06,696.533321397738,996.6661465578238,-82.04494863916011
2026-05-07,683.6064235469347,984.5033928983042,-76.9718384976087
2026-05-08,678.6754399039175,987.3682753099481,-67.53231122860859
2026-05-11,661.5875682485654,971.1804835008757,-60.93627416387824
2026-05-12,655.9553486428559,979.2719294259115,-45.3352020978964
2026-05-13,643.5914005952641,977.0128262377084,-31.10904122264367
2026-05-14,625.1303695998623,963.0573272549112,-20.449832211571902
2026-05-15,623.35941581546,964.4422626393883,-16.70362511455835
2026-05-18,616.036023977267,941.9068334328246,-29.474531870198007
2026-05-19,600.7023071859358,938.2302077273639,-12.706201853883726
2026-05-20,602.5584029235974,933.1468508539086,-20.264353044221252
2026-05-21,610.8953291524025,935.0992681615747,-29.427837374961882
2026-05-22,603.4596098434693,918.8828235686681,-35.72998955595756
2026-05-25,614.406828960857,944.0589009151927,-25.15020436594989
2026-05-26,604.6781612593637,937.3486900731899,-18.88885827262834
2026-05-27,613.7009715961248,962.1961014587388,-6.071860669427565
2026-05-28,590.1029646759448,940.8785192862039,4.074566384944092
2026-05-29,595.9780452461296,934.5877150206587,-10.049678640847333
2026-06-01,599.5932648792038,939.3504641182229,-10.107222387382194
2026-06-02,606.1512306930225,940.7613919211552,-17.440249002874793
2026-06-03,609.7697747688741,939.2489223312479,-23.777444027250908
2026-06-04,615.1647135558546,945.3913571572416,-24.828260917231205
2026-06-05,611.0121905946934,930.3187009093259,-34.364219883598594
2026-06-08,626.419780029788,953.0177676978735,-32.20860567517707
2026-06-09,634.4406809723624,955.0113854603314,-40.909522502818504
2026-06-10,630.1721627318758,964.4640809536269,-25.76546935554086
2026-06-11,636.8507844770245,963.6188918317304,-35.51548747096899
2026-06-12,636.5222803206954,964.4134495418199,-34.28292421910726
2026-06-15,633.7381527658955,954.2506241203826,-40.73357956747816
2026-06-16,645.5273514393015,969.6286766486038,-41.07445860379812
2026-06-17,642.6440012195922,954.3332490045018,-52.52541928828771
2026-06-18,635.9118734587546,948.459235864639,-49.42326208036707
2026-06-19,643.884214123363,952.8351543660685,-55.67713113174875
2026-06-22,654.3161589697692,963.4291351503297,-58.99241014269592
2026-06-23,645.7171276997844,933.6387852214585,-77.31738504492068
2026-06-24,632.9768990624115,911.4556487514792,-82.51354999840271
2026-06-25,630.8536528569516,912.7319299459605,-78.40627386330834
2026-06-26,644.0971740236093,924.6941301811981,-84.10210185028097
2026-06-29,631.6222623137791,932.6600258254177,-59.50299059295435
2026-06-30,634.1733613487175,933.2492638878181,-62.31521791047203
2026-07-01,630.985522268153,920.3275681763288,-70.98646151454182
2026-07-02,636.791641682298,928.7980928472264,-70.25742939583756
2026-07-03,652.1500600924708,951.2757004174492,-68.2577130391785
2026-07-06,660.3117751408879,968.837950616133,-61.57774957171762
2026-07-07,656.5097335191482,962.2671992125031,-63.079112146361126
2026-07-08,655.2181866087844,951.5416681391841,-72.08258067252848
2026-07-09,652.999524340615,947.5116822890483,-73.15435016510514
2026-07-10,659.1851369136056,953.332746375929,-75.58076950887846
2026-07-13,638.6210544682345,936.2998330276915,-65.19490626328786
2026-07-14,652.3953970104442,934.6428605736843,-85.21766877357459
2026-07-15,643.9657317767297,928.250520381981,-80.37045532032528
2026-07-16,630.012631183081,912.6477610321073,-77.3690805453341
2026-07-17,630.2602991577323,903.5724358673037,-86.77462967633937
2026-07-20,632.8870897261365,909.7699512567219,-84.07950171146013
2026-07-21,619.9366340127398,899.6368018368944,-76.94537684675868
2026-07-22,630.3524425294427,908.2026052475385,-82.2673181250517
2026-07-23,634.4369616960978,917.4513437001997,-78.46460522793075
2026-07-24,631.8158761758401,923.499458543188,-68.9217096912655
2026-07-27,635.4224228114896,919.7670137346704,-77.46288334731571
2026-07-28,640.399595614119,931.5441819925268,-72.32194549296526
2026-07-29,648.226218012317,934.14795053697,-80.15367347945255
2026-07-30,652.5517556566327,949.416522276973,-70.65248526520406
2026-07-31,654.5239971336413,961.259115877243,-61.439546967612046
2026-08-03,667.5306187974553,973.0952735850673,-66.94555147820643
2026-08-04,673.9342009318673,977.0370345025666,-71.54190007325644
2026-08-05,684.6698521688087,986.3721740729239,-76.52096215215431
2026-08-06,678.0232103691513,981.1775813964376,-72.85336576243083
2026-08-07,676.627006559941,983.8470229682304,-68.32231911169106
2026-08-10,680.9947887866606,978.8350097064231,-79.15804200912442
2026-08-11,673.3764266540369,976.0304527625726,-71.80478277614327
2026-08-12,677.9552079751213,981.5057641578805,-72.43451314228116
2026-08-13,705.5175303827381,1015.4077608471746,-75.28227966314284
2026-08-14,703.8083875731834,1020.8688317083007,-67.54235172261042
2026-08-17,717.829294280364,1036.9092113263341,-70.19651438081792
2026-08-18,697.1484791389098,1020.5609625763024,-58.97034294224409
2026-08-19,697.0404219981499,1039.3215505316502,-40.06567879921624
2026-08-20,676.2342655709698,1034.6625526006178,-16.983134827341928
2026-08-21,674.2189082784813,1041.2600868159834,-7.698457555325035
2026-08-24,670.8171497007661,1039.9852502361773,-4.437616031510856
2026-08-25,682.5393289154687,1051.9721827097806,-8.080255844177714
2026-08-26,693.5231980715399,1061.7999752541716,-12.897622174548246
2026-08-27,688.5893964803204,1055.7467543793084,-12.37244092778542
2026-08-28,682.7530340086159,1049.7559459543868,-10.581432723767762
2026-08-31,697.1038143474018,1053.204588661969,-26.267163801233437
2026-09-01,678.4269465671973,1036.686192860287,-17.8830692293094
2026-09-02,696.2156209328997,1062.5916850625597,-15.695809514639905
2026-09-03,710.3180663183681,1087.0869928286224,-10.00376226253502
2026-09-04,701.6152179085528,1080.608206639778,-4.878750571625801
2026-09-07,671.7894134400855,1047.9831530536103,2.263935133496375
2026-09-08,678.1534166823704,1040.7746731914679,-13.429882385026076
2026-09-09,656.0243834561918,1009.7128673526032,-14.986310588985816
2026-09-10,658.4424308329019,1022.4360410160368,-5.4872000944990305
2026-09-11,685.4305725217707,1060.3703859608686,-3.537044068159048
2026-09-14,668.957634637622,1025.1333286598806,-16.810184190282143
2026-09-15,670.6520842885202,1036.488975432047,-7.713803619313239
2026-09-16,653.6969193391833,1016.9442869265924,-4.651605525651917
2026-09-17,649.4356976633727,1013.9848781243074,-1.929385426856129
2026-09-18,648.0615875747474,1017.8092319651488,3.7271151988189786
2026-09-21,659.3817675377884,1029.8180322268877,0.6423421765031208
2026-09-22,667.6155007675347,1055.4171103703172,15.26310934693754
2026-09-23,657.2580509322682,1037.0371453918185,10.693077482127478
2026-09-24,663.0657877400333,1059.2889728826726,25.20125589596148
2026-09-25,665.3186728824527,1071.7303628987634,34.63879905549311
2026-09-28,662.6086809003125,1077.8651713374745,44.3869301370579
2026-09-29,656.6525319068091,1078.6284984370855,53.09178922800663
2026-09-30,661.426443988924,1087.3561887609465,55.45426344238115
2026-10-01,676.4425535651453,1112.333213144255,60.40980839072802
2026-10-02,670.6260090208687,1115.277495385222,71.10948335739715
2026-10-05,653.3533504268737,1107.6625640705956,86.5247635014307
2026-10-06,682.5501827320534,1142.59802130882,82.53111099941555
2026-10-07,688.66241279439,1149.7574489516562,81.54089855913628
2026-10-08,698.3331201180407,1155.5977961404635,74.48696931640927
2026-10-09,706.3209435421044,1161.4975670369145,69.73630898077533
2026-10-12,702.1835949173487,1159.2844879898157,73.03969476668408
2026-10-13,702.1920109172627,1143.2020340583833,56.946019502033096
2026-10-14,725.8633135000861,1168.4987643519821,50.68101301853403
2026-10-15,706.976575773581,1161.6473437312432,69.01190936646856
2026-10-16,707.3603011170816,1164.769409889092,71.62234173298327
2026-10-19,715.9421460649269,1165.307240029067,60.717711942497886
2026-10-20,683.3749856945631,1133.3700092778079,72.20336168505708
2026-10-21,686.9307409847579,1147.1301523124853,81.22249766614141
2026-10-22,679.6583185176886,1137.9684727972406,81.75738144032243
2026-10-23,684.9209544071982,1140.9262024946663,77.69826328506872
2026-10-26,683.1666043231379,1142.3014801028846,81.41267433870075
2026-10-27,673.4039506077822,1148.259142137184,100.38720799347436
2026-10-28,664.6704948415315,1140.174615412417,103.94728895704168
2026-10-29,662.3510743227555,1131.5271075729797,98.39234180930578
2026-10-30,669.0802376588308,1148.4675605904283,106.36057704532061
2026-11-02,685.4942629260153,1171.3777562379855,107.38540566996517
2026-11-03,681.5574594468209,1176.1863440473307,117.44306478490296
2026-11-04,666.9857101267244,1161.9048128121956,122.59053264322972
2026-11-05,673.5381390635057,1174.4765348984745,126.42568281380022
2026-11-06,662.2949057926159,1148.2544185051834,115.19454411502886
2026-11-09,680.6793708376953,1162.7470358787903,105.17454142852989
2026-11-10,663.8546256857222,1133.816096566646,98.67659565234965
2026-11-11,664.9638456220553,1146.4478071771107,109.82934634770368
2026-11-12,665.8559761636238,1159.053534133422,121.24556591525698
2026-11-13,669.1052789840859,1167.0840565196145,124.94368454083326
2026-11-16,680.2867529429701,1175.1463465608942,118.09734263693406
2026-11-17,684.1196953299011,1175.3716479591064,113.212054185905
2026-11-18,677.8457166591966,1175.3995686131495,121.60527973422074
2026-11-19,669.7056017453776,1167.68062992712,124.73982759994976
2026-11-20,662.043975049283,1158.7071251048687,125.98182503915814
2026-11-23,657.2758098051809,1164.1311676568694,137.76342124996154
2026-11-24,658.8418996308013,1166.2629236485686,137.80705747416687
2026-11-25,676.6277566142313,1156.6841003735096,104.51375822120121
2026-11-26,665.1489078012605,1118.3864441706048,81.52123376892416
2026-11-27,665.5376862301308,1122.9150987488906,85.53151710871623
2026-11-30,672.6906847998193,1132.6385222374158,85.71760917099004
2026-12-01,663.7335554920886,1140.0604400893162,105.08236609986477
2026-12-02,667.2609263614851,1140.9310716491507,101.24983650050387
2026-12-03,655.7392015265848,1132.8211101470254,108.5021747782456
2026-12-04,651.0187093407293,1123.298882035175,105.27393624753597
2026-12-07,653.5123259779081,1127.5419531896441,106.1921852191
2026-12-08,645.3773850870864,1130.4838745831696,119.98069446705438
2026-12-09,635.5722353820206,1109.0905622632126,111.66091508718512
2026-12-10,639.1219594429723,1113.4812545581387,111.31864196750905
2026-12-11,640.2301529561385,1110.2985764170567,106.65837247553873
2026-12-14,641.0279849642789,1105.424696065696,100.72071611332422
2026-12-15,624.7285279180545,1094.884073761064,111.912703203658
2026-12-16,615.2791895329677,1082.2952455271977,111.92299281657404
2026-12-17,622.9812913620897,1090.0712129691717,109.42949115305214
2026-12-18,650.4050813436284,1105.5929337589967,88.38615863415885
2026-12-21,642.9310756153101,1098.407330074608,91.16589592086109
2026-12-22,656.9317324848244,1110.0749726622696,84.1659960158371
2026-12-23,642.2110936922533,1105.3633901299977,99.08193187365998
2026-12-24,633.1385697631601,1093.6593931999892,99.47463351577562
2026-12-25,642.2709762820411,1096.5061256132926,90.14482390390447
2026-12-28,637.9245994536075,1096.0678941585397,95.5017615537298
2026-12-29,636.1396789729746,1096.3419249767574,98.15568634612453
2026-12-30,626.9281595906078,1085.1897005755272,99.28548778805009
2026-12-31,616.5150021089213,1059.7332502444372,87.71324743254206
2027-01-01,634.0381777309437,1081.3759036642814,85.99166668968974
2027-01-04,643.4499331648449,1081.837776421583,73.90453220178972
2027-01-05,643.298458760275,1079.4892219132587,71.75794356622532
2027-01-06,629.0383062681827,1069.7202103302754,81.00246863936513
2027-01-07,622.1847791663822,1060.5118481824952,80.93214262731897
2027-01-08,607.6957867714593,1054.065944259741,93.80489523112851
2027-01-11,615.5072313255223,1065.1157017228036,94.43939328877389
2027-01-12,607.145220649883,1051.1116447747802,91.58468390826954
2027-01-13,619.3787220168552,1060.8905813101017,85.05228528762802
2027-01-14,622.3872516308065,1064.7803982959751,84.93072945489973
2027-01-15,611.7920179614887,1066.9815544765024,101.25886386118418
2027-01-18,593.1717622204138,1048.8800075571596,107.98432459660785
2027-01-19,593.0678638661611,1033.9572742978182,93.20012247627005
2027-01-20,596.8845315785148,1041.9165482476096,96.07050614292314
2027-01-21,598.0406291078468,1035.3934481778863,88.00594270075715
2027-01-22,602.9355146919847,1049.6338399325773,95.71982034326436
2027-01-25,605.6347564690988,1066.986914977228,109.47390635176305
2027-01-26,614.3976152125582,1082.4037555870466,113.20693530363565
2027-01-27,628.3178468875543,1090.4245227759511,102.66739359254541
2027-01-28,623.4650116072037,1089.4303737895807,108.14369164664242
2027-01-29,628.9288456658446,1108.1846272060093,119.61283298488308
2027-02-01,640.5792098449477,1121.3337590961125,117.2281459695156
2027-02-02,642.9637584873849,1120.5102213875653,113.22521007105206
2027-02-03,639.440960864279,1111.912366237967,109.32441841892842
2027-02-04,648.7790568886018,1116.6564888249552,101.61774630681953
2027-02-05,645.3000826334502,1114.0002165168848,103.60010633895126
2027-02-08,640.3027666810277,1106.1636683353138,102.42664609394353
2027-02-09,618.5940564050843,1086.6183539620417,111.8262787552627
2027-02-10,616.2105365170956,1085.309803643049,113.69575495358811
2027-02-11,620.4528110763598,1072.512331056283,95.24191628780329
2027-02-12,644.622413174854,1098.7934020970768,89.2968511972714
2027-02-15,647.0191180500108,1084.90402883564,72.21187143562565
2027-02-16,654.1066278441344,1096.0951732151284,73.95300275628244
2027-02-17,651.2603170959293,1095.9773754122427,77.63028595100366
2027-02-18,665.4922573874668,1107.8982983679405,70.57528851798475
2027-02-19,657.1192622838521,1112.628812178006,86.46979579953654
2027-02-22,661.1776166705998,1115.8642137936813,84.29405823288153
2027-02-23,686.4879230621477,1143.8063250310117,78.48909428148147
2027-02-24,685.7599138583174,1146.5211139572502,82.17456214616038
2027-02-25,682.5870689556764,1146.255833503609,86.13974156270717
2027-02-26,685.3727657467722,1143.6149685220207,79.78461419299117
2027-03-01,683.6978236358169,1145.7357158099264,84.13861762883721
2027-03-02,688.924289409984,1157.3284787030277,88.76275948971568
2027-03-03,698.4635189859165,1170.0539060578149,88.7692140765929
2027-03-04,705.0459391528279,1173.6389017165063,83.57764951273577
2027-03-05,702.9885352065605,1182.4235599755702,95.1055130334895
2027-03-08,681.8861032703078,1165.314783892875,106.13331286579808
2027-03-09,716.7488357843803,1183.4654929805158,77.80037860134212
2027-03-10,734.1662534034763,1183.9289698729635,55.040632001661834
2027-03-11,738.5411108738854,1204.781840274919,70.06035910973844
2027-03-12,755.8404389040477,1212.9662882066425,55.17903633457888
2027-03-15,740.0658815058632,1183.6117602097204,46.85725153523606
2027-03-16,748.184344746626,1187.9197000474496,40.340573718614905
2027-03-17,747.8419785147887,1190.504184979417,43.38154695969877
2027-03-18,752.1985451970273,1200.2513170414577,47.319923445421296
2027-03-19,753.0846687615575,1185.2331362796044,31.120244597527744
2027-03-22,769.7181498645351,1174.1150601654858,-2.1758063205609233
2027-03-23,783.8509119862949,1181.6777053884393,-13.45684392662065
2027-03-24,780.377459985371,1173.961317382607,-16.541962597887732
2027-03-25,774.81189773691,1169.308747490744,-13.773782825136095
2027-03-26,770.4144772023784,1155.1853087985403,-22.033994137964328
2027-03-29,779.7700864610862,1158.644982967513,-31.048465647268586
2027-03-30,795.1936697286027,1171.5895415658852,-38.6686847389185
2027-03-31,785.1040139433154,1167.6274646139927,-29.177887310427877
2027-04-01,794.9424413080749,1168.0511712226503,-41.872083854782886
2027-04-02,790.1357731278914,1178.41925253583,-25.095111634691875
2027-04-05,776.5069026149961,1158.4613017220886,-26.881235097906256
2027-04-06,777.4941425943036,1148.249379499687,-38.40947729271784
2027-04-07,746.2552256353868,1105.33454161226,-39.67242590158901
2027-04-08,749.9435069928452,1115.4536200659209,-34.47105592453943
2027-04-09,756.1857867892036,1125.411451920144,-32.83626379879422
2027-04-12,740.6795753111163,1118.6461299703715,-18.926637111116975
2027-04-13,753.4713992512696,1124.3782960838382,-30.25023625118797
2027-04-14,763.866806417749,1130.9641011077363,-37.52497411592901
2027-04-15,765.2551148121722,1136.422825745246,-33.91732733765036
2027-04-16,746.4394742078824,1134.2700323396796,-10.982599937496957
2027-04-19,735.6900253052697,1124.0956650896908,-6.824368650668816
2027-04-20,729.4058459163564,1123.1973234648237,0.656195576348523
2027-04-21,733.8795422152713,1128.049576158039,-0.4564801289894831
2027-04-22,749.6848184557256,1145.807682021492,-3.772075919475469
2027-04-23,744.2608787465775,1113.8606992673194,-28.487139061450648
2027-04-26,740.3115827767014,1108.3723602537036,-28.709750115231486
2027-04-27,729.5569126945529,1091.5274439855289,-31.215106273874994
2027-04-28,735.8962141712245,1107.5340564413355,-23.66089578696392
2027-04-29,757.3077024445437,1138.144418195192,-21.59918506419956
2027-04-30,748.0810901548259,1132.9221561461047,-14.519297393663123
2027-05-03,731.3353138068642,1125.2310187380767,0.11726699559119425
2027-05-04,734.9606242589622,1123.3853107463726,-6.562188265576992
2027-05-05,733.2058106861393,1120.0174947873134,-7.590252794205753
2027-05-06,725.3422792838417,1125.7375640828393,8.614525037717044
2027-05-07,760.3897960172985,1166.5764250959958,2.723363739597744
2027-05-10,772.2466220381009,1179.510000767851,-0.15216194961703877
2027-05-11,767.0518323877926,1196.79353146033,24.057754943273267
2027-05-12,761.7521374433254,1196.0551482052115,30.385631614110935
2027-05-13,759.5041610553337,1200.0560902042964,37.383875463851496
2027-05-14,758.1237005238286,1204.8553673497447,44.02376665130657
2027-05-17,742.2252822754775,1188.801903986952,49.168194286315384
2027-05-18,757.645415408621,1193.4840050715143,33.29011786001956
2027-05-19,748.9100576879731,1199.071795612042,50.52505202807788
2027-05-20,753.0050638077337,1213.7624320964696,59.7556803528247
2027-05-21,725.7459383361481,1188.857701743633,71.19645062876884
2027-05-24,710.7412478135495,1160.241924812517,62.586927727784314
2027-05-25,715.086587065923,1175.9635749711697,72.51479221660566
2027-05-26,697.9119790600702,1148.0692151395142,67.51990972608735
2027-05-27,691.3570208196709,1140.356210719232,68.54684962633746
2027-05-28,676.789317679414,1147.4042250886855,95.01846818280012
2027-05-31,683.1541989133428,1150.1493117389573,89.27704652116688
2027-06-01,677.5682507330407,1166.586250121974,113.16191581125304
2027-06-02,701.5867987492578,1186.1610212784883,100.71195627947793
2027-06-03,705.2063338183914,1201.9269359988143,111.65182424095917
2027-06-04,691.7304145046868,1181.7408433518228,109.43362401224044
2027-06-07,706.3423918708572,1189.3752683958974,97.58541256808769
2027-06-08,701.1914295226561,1170.3611108615844,85.43920483137629
2027-06-09,692.4710777200191,1168.028047344827,94.73327705146812
2027-06-10,683.2448642091395,1145.5166851285626,84.52353284971002
2027-06-11,676.3173818186026,1155.2036280155637,103.44711892409362
2027-06-14,678.1290061151955,1151.1123113538993,96.94030320030527
2027-06-15,679.6490344410788,1156.4486638733733,100.24995128526825
2027-06-16,680.7952196139815,1139.58565929752,81.85869981221117
2027-06-17,683.8224370687709,1140.2108891788723,78.44763975384444
2027-06-18,692.7051670971845,1135.8077830740474,62.2008936111348
2027-06-21,703.8361595121205,1141.7978587839184,53.349646101091025
2027-06-22,684.2733454692794,1135.2973142421872,72.93285361648134
2027-06-23,678.3679097172969,1132.610475509174,78.11992921944477
2027-06-24,676.3670193293709,1140.5675465254749,88.7448540863137
2027-06-25,687.9600253992272,1162.432801510627,95.15276764499083
2027-06-28,695.3470859523768,1153.5466348507214,76.41718691421897
2027-06-29,676.292249462543,1136.0487045612294,84.32570527783867
2027-06-30,665.7671160191696,1129.355249955051,91.66576192949151
2027-07-01,667.3375214433803,1116.9497121867184,77.16635026221138
2027-07-02,656.149706183372,1094.6131437099152,69.74686879875253
2027-07-05,646.8228351923182,1082.9928928291781,70.56244590608719
2027-07-06,653.840175585638,1101.8463502611403,80.05944948028957
2027-07-07,643.6983933602003,1085.8890295320828,77.62450505181573
2027-07-08,659.6442108002354,1109.7422034489498,80.21658904863591
2027-07-09,661.9584667007185,1089.6821908550714,57.0709019207801
2027-07-12,651.19640293295,1080.229444007313,61.9675734300464
2027-07-13,645.0487836972035,1091.8801178792173,81.81507294961273
2027-07-14,646.0070390346586,1094.953219731478,83.61050101859973
2027-07-15,634.7354900087321,1073.3521992512422,77.03821257293271
2027-07-16,628.1589062601226,1060.580416477215,73.03520813038483
2027-07-19,626.0492809179751,1061.3808816274516,76.64850707015137
2027-07-20,628.6635427181136,1072.5537476901873,84.33569073270246
2027-07-21,615.3595497522442,1060.319906258642,89.84050658898309
2027-07-22,618.0831677482347,1076.7469125018663,102.63602217088669
2027-07-23,616.2806752424315,1077.1221137394018,105.41454674949318
2027-07-26,608.6437111798407,1072.2265697579805,110.70162151819295
2027-07-27,612.9490611237012,1070.3313725745056,103.06595774290406
2027-07-28,609.0717414602459,1065.2826928770794,103.18703759675157
2027-07-29,615.1441106654398,1060.6477123957059,90.4555648417861
2027-07-30,624.1823778629115,1066.4629183074403,84.21974782355835
2027-08-02,643.3196658671035,1098.689907378522,90.93035288905082
2027-08-03,639.2218801334617,1088.0957645819628,85.79992440401395
2027-08-04,664.3238343191641,1118.9671908921946,83.20207846664243
2027-08-05,670.1229640500428,1120.2968682981086,76.79958289805154
2027-08-06,668.4665047217203,1125.751111859727,84.46243889743323
2027-08-09,674.7697805669213,1123.7161222947739,74.02308153887873
2027-08-10,687.8003493639605,1139.1930608522819,72.12592836700117
2027-08-11,676.9106970700626,1137.458541351569,84.9109452581522
2027-08-12,674.6753210276355,1142.140584084766,92.57348938125199
2027-08-13,668.4115557392394,1138.6253572253454,97.40994957302621
2027-08-16,650.9015370267614,1123.631375964806,105.7626599291242
2027-08-17,635.1285990716672,1108.101833734452,111.26370163889567
2027-08-18,609.667610524331,1080.071126936863,117.1809795710883
2027-08-19,617.138481578584,1091.5947769301138,118.7434681586684
2027-08-20,629.2536868973352,1093.7471260015743,104.74221013846068
2027-08-23,645.173687143527,1124.4190808132603,114.18749795522433
2027-08-24,632.8916702124405,1103.2313925187862,109.37583223553213
2027-08-25,627.3224874758615,1096.4291862153784,109.99920291422973
2027-08-26,629.4206082888453,1075.0962540172918,85.86877629883145
2027-08-27,635.5764663573129,1078.5722240469318,81.13693557051454
2027-08-30,625.4287055212454,1076.3698699165643,92.4649292215704
2027-08-31,622.2610673439349,1082.791221704781,103.10979857953453
2027-09-01,627.8274873481429,1084.9843304633328,97.88101399914228
2027-09-02,639.7509394778718,1104.0442764813158,101.04302384415337
2027-09-03,634.694403810671,1083.1423220921683,86.88311701127361
2027-09-06,629.3195523308099,1082.700071129006,93.60733468792603
2027-09-07,627.139685307074,1095.881688427103,109.6954413510042
2027-09-08,629.9632991212717,1099.850741695189,109.89967620016012
2027-09-09,634.1904406198985,1095.3269271434804,99.73967298361572
2027-09-10,633.0960132477356,1087.4147057935588,93.28668812991134
2027-09-13,609.6370447791008,1046.3619881964228,83.5125951576216
2027-09-14,617.2080764812187,1049.7503948104588,76.80629283550059
2027-09-15,616.348872848549,1035.3943760720615,63.59587894066283
2027-09-16,610.9376460299436,1036.4477400703297,71.86421203040493
2027-09-17,612.2883318195736,1032.9169019034055,66.53245947730727
2027-09-20,627.5591166947536,1047.517271414544,60.77178248820587
2027-09-21,624.2828367732203,1054.018521572174,71.64140587454688
2027-09-22,607.337512461214,1041.334495146877,81.55114519859171
2027-09-23,597.0428412218622,1023.3623660749122,77.30524444576258
2027-09-24,591.13638801437,1017.9653752734863,79.7835245876596
2027-09-27,592.791728047581,1021.8162065933464,81.42723586323825
2027-09-28,595.3825620852526,1036.055757381046,92.2123412673759
2027-09-29,611.9564532369659,1058.9428627612524,93.00092511196453
2027-09-30,619.7093309884696,1063.0475962393432,86.76848825471711
2027-10-01,609.2024220873773,1056.9668970444916,94.6970009279886
2027-10-04,609.9853804154133,1064.777077949391,101.46323739550667
2027-10-05,592.7490762081353,1069.9875232795328,129.65542166868568
2027-10-06,581.4298461002359,1057.0698570338923,131.8300622335778
2027-10-07,591.3546043227066,1054.617948462753,116.14514269914423
2027-10-08,586.8254498972096,1031.0581975145192,98.62426431823963
2027-10-11,574.2235093737546,1000.3606417412662,84.72929590959347
2027-10-12,576.0441421121104,1004.2574294406143,86.1985732911337
2027-10-13,573.9973876010317,1012.2808751888832,96.95102505417424
2027-10-14,587.5270997400701,1025.9346448012686,92.56517848117517
2027-10-15,586.1923424678034,1021.6155154496768,90.02572549260549
2027-10-18,582.7216286553208,1028.664578712127,101.70240717169918
2027-10-19,585.7066485167854,1028.3120290873933,97.3698310650127
2027-10-20,584.3494360455725,1030.9959328768914,101.86335148279477
2027-10-21,581.4296899167487,1029.9821361522797,104.74254959661482
2027-10-22,581.9110986572224,1041.5382559797501,115.65679110345366
2027-10-25,593.4253658860889,1040.7312240059146,99.49740282446271
2027-10-26,592.5933251616616,1045.4606213309926,105.33618778211041
2027-10-27,589.0634887391659,1048.166401933474,112.7484169479194
2027-10-28,592.9353199841604,1056.7718313413507,116.1914046958035
2027-10-29,593.0377389685713,1058.8004039739208,118.08341868249238
